[
  {
    "id": 1,
    "priority": 1,
    "action": {
      "type": "modifyHeaders",
      "responseHeaders": [
        { "header": "content-type", "operation": "set", "value": "application/json" }
      ]
    },
    "condition": {
      "urlFilter": "youtube.com/api/",
      "resourceTypes": ["xmlhttprequest"]
    }
  },
  {
    "id": 2,
    "priority": 2,
    "action": {
      "type": "modifyHeaders",
      "responseHeaders": [
        { "header": "content-type", "operation": "set", "value": "application/json" }
      ]
    },
    "condition": {
      "urlFilter": "youtube.com/youtubei/v1/next",
      "resourceTypes": ["xmlhttprequest"]
    }
  },
  {
    "id": 3,
    "priority": 2,
    "action": {
      "type": "modifyHeaders",
      "responseHeaders": [
        { "header": "content-type", "operation": "set", "value": "application/json" }
      ]
    },
    "condition": {
      "urlFilter": "youtube.com/youtubei/v1/browse",
      "resourceTypes": ["xmlhttprequest"]
    }
  }
] 